{"loss":{"0":1.1728255749,"1":0.5467020273,"2":0.3561681211,"3":0.2274866998,"4":0.1992635429,"5":0.2960632145,"6":0.211889416},"accuracy":{"0":0.4391666651,"1":0.7916666865,"2":0.8849999905,"3":0.9308333397,"4":0.9283333421,"5":0.9008333087,"6":0.9241666794},"val_loss":{"0":0.8250080347,"1":0.1738650948,"2":0.2555519342,"3":0.1246597543,"4":0.1168861166,"5":0.1584697813,"6":0.2421397567},"val_accuracy":{"0":0.6725000143,"1":0.9649999738,"2":0.9275000095,"3":0.9674999714,"4":0.9574999809,"5":0.9524999857,"6":0.8899999857}}